Name,Link,Podcast,Number,LÃ¶schen?,Kein Podcast?,Privat?,Zeile OK?,100.00%,Podcasts bis jetzt (zum nachschlagen):,
11.txt,https://github.com/shownotes/shownot.es/blob/master/archive/piratenpad/11.txt,wrint,39,,,,TRUE,,wrint,
14.txt,https://github.com/shownotes/shownot.es/blob/master/archive/piratenpad/14.txt,,,,x,,TRUE,,,1
21.txt,https://github.com/shownotes/shownot.es/blob/master/archive/piratenpad/21.txt,EP,160,,,,TRUE,,EP,
234.txt,https://github.com/shownotes/shownot.es/blob/master/archive/piratenpad/234.txt,,,,x,,TRUE,,AL,das ist ein podcast aber ich habe keinen plan welcher
AL001.txt,https://github.com/shownotes/shownot.es/blob/master/archive/piratenpad/AL001.txt,AL,1,,,,TRUE,,BC,
apd-ho-2013-01-10.txt,https://github.com/shownotes/shownot.es/blob/master/archive/piratenpad/apd-ho-2013-01-10.txt,,,,x,,TRUE,,BM,1
bc3.txt,https://github.com/shownotes/shownot.es/blob/master/archive/piratenpad/bc3.txt,BC,3,,,,TRUE,,BAC,
BM-01-05-12.txt,https://github.com/shownotes/shownot.es/blob/master/archive/piratenpad/BM-01-05-12.txt,BM,01-05-12,,,,TRUE,,BS,
BM-01-08-12.txt,https://github.com/shownotes/shownot.es/blob/master/archive/piratenpad/BM-01-08-12.txt,BM,01-08-12,,,,TRUE,,CR,
BM-02-01-13.txt,https://github.com/shownotes/shownot.es/blob/master/archive/piratenpad/BM-02-01-13.txt,BM,02-01-13,,,,TRUE,,DW,
BM-02-04-13.txt,https://github.com/shownotes/shownot.es/blob/master/archive/piratenpad/BM-02-04-13.txt,BM,02-04-13,,,,TRUE,,PP,
BM-02-10-12.txt,https://github.com/shownotes/shownot.es/blob/master/archive/piratenpad/BM-02-10-12.txt,BM,02-10-12,,,,TRUE,,ep,
BM-03-02-12.txt,https://github.com/shownotes/shownot.es/blob/master/archive/piratenpad/BM-03-02-12.txt,BM,03-02-12,,,,TRUE,,WG,
BM-03-04-12.txt,https://github.com/shownotes/shownot.es/blob/master/archive/piratenpad/BM-03-04-12.txt,BM,03-04-12,,,,TRUE,,JC,
BM-03-10-12.txt,https://github.com/shownotes/shownot.es/blob/master/archive/piratenpad/BM-03-10-12.txt,BM,03-10-12,,,,TRUE,,LC,
BM-04-01-13.txt,https://github.com/shownotes/shownot.es/blob/master/archive/piratenpad/BM-04-01-13.txt,BM,04-01-13,,,,TRUE,,LL,
BM-04-09-12.txt,https://github.com/shownotes/shownot.es/blob/master/archive/piratenpad/BM-04-09-12.txt,BM,04-09-12,,,,TRUE,,mm,
BM-04-12-12.txt,https://github.com/shownotes/shownot.es/blob/master/archive/piratenpad/BM-04-12-12.txt,BM,04-12-12,,,,TRUE,,mw,
BM-05-02-13.txt,https://github.com/shownotes/shownot.es/blob/master/archive/piratenpad/BM-05-02-13.txt,BM,05-02-13,,,,TRUE,,ng,
BM-05-03-13.txt,https://github.com/shownotes/shownot.es/blob/master/archive/piratenpad/BM-05-03-13.txt,BM,05-03-13,,,,TRUE,,nsfw,
BM-05-07-12.txt,https://github.com/shownotes/shownot.es/blob/master/archive/piratenpad/BM-05-07-12.txt,BM,05-07-12,,,,TRUE,,PONY,
BM-05-12-12.txt,https://github.com/shownotes/shownot.es/blob/master/archive/piratenpad/BM-05-12-12.txt,BM,05-12-12,,,,TRUE,,pp,
BM-06-01-13.txt,https://github.com/shownotes/shownot.es/blob/master/archive/piratenpad/BM-06-01-13.txt,BM,06-01-13,,,,TRUE,,psyt,
BM-06-06-12.txt,https://github.com/shownotes/shownot.es/blob/master/archive/piratenpad/BM-06-06-12.txt,BM,06-06-12,,,,TRUE,,scsp,
bm-06-09-12.txt,https://github.com/shownotes/shownot.es/blob/master/archive/piratenpad/bm-06-09-12.txt,BM,06-09-12,,,,TRUE,,rm,
BM-06-11-12.txt,https://github.com/shownotes/shownot.es/blob/master/archive/piratenpad/BM-06-11-12.txt,BM,06-11-12,,,,TRUE,,wg,
BM-07-04-13.txt,https://github.com/shownotes/shownot.es/blob/master/archive/piratenpad/BM-07-04-13.txt,BM,07-04-13,,,,TRUE,,wmr,
BM-07-08-12.txt,https://github.com/shownotes/shownot.es/blob/master/archive/piratenpad/BM-07-08-12.txt,BM,07-08-12,,,,TRUE,,,
BM-07-10-12.txt,https://github.com/shownotes/shownot.es/blob/master/archive/piratenpad/BM-07-10-12.txt,BM,07-10-12,,,,TRUE,,,
BM-08-01-13.txt,https://github.com/shownotes/shownot.es/blob/master/archive/piratenpad/BM-08-01-13.txt,BM,08-01-13,,,,TRUE,,,
BM-08-05-12.txt,https://github.com/shownotes/shownot.es/blob/master/archive/piratenpad/BM-08-05-12.txt,BM,08-05-12,,,,TRUE,,,
BM-09-04-13.txt,https://github.com/shownotes/shownot.es/blob/master/archive/piratenpad/BM-09-04-13.txt,BM,09-04-13,,,,TRUE,,,
BM-09-09-12.txt,https://github.com/shownotes/shownot.es/blob/master/archive/piratenpad/BM-09-09-12.txt,BM,09-09-12,,,,TRUE,,,
BM-09-10-12.txt,https://github.com/shownotes/shownot.es/blob/master/archive/piratenpad/BM-09-10-12.txt,BM,09-10-12,,,,TRUE,,,
BM-09-12-12.txt,https://github.com/shownotes/shownot.es/blob/master/archive/piratenpad/BM-09-12-12.txt,BM,09-12-12,,,,TRUE,,,
BM-10-04-12.txt,https://github.com/shownotes/shownot.es/blob/master/archive/piratenpad/BM-10-04-12.txt,BM,10-04-12,,,,TRUE,,,
BM-10-07-12.txt,https://github.com/shownotes/shownot.es/blob/master/archive/piratenpad/BM-10-07-12.txt,BM,10-07-12,,,,TRUE,,,
BM-11-07-12.txt,https://github.com/shownotes/shownot.es/blob/master/archive/piratenpad/BM-11-07-12.txt,BM,11-07-12,,,,TRUE,,,
BM-11-09-12.txt,https://github.com/shownotes/shownot.es/blob/master/archive/piratenpad/BM-11-09-12.txt,BM,11-09-12,,,,TRUE,,,
BM-11-12-12.txt,https://github.com/shownotes/shownot.es/blob/master/archive/piratenpad/BM-11-12-12.txt,BM,11-12-12,,,,TRUE,,,
BM-12-02-13.txt,https://github.com/shownotes/shownot.es/blob/master/archive/piratenpad/BM-12-02-13.txt,BM,12-02-13,,,,TRUE,,,
BM-12-03-13.txt,https://github.com/shownotes/shownot.es/blob/master/archive/piratenpad/BM-12-03-13.txt,BM,12-03-13,,,,TRUE,,,
BM-12-06-12.txt,https://github.com/shownotes/shownot.es/blob/master/archive/piratenpad/BM-12-06-12.txt,BM,12-06-12,,,,TRUE,,,
BM-12-07-12.txt,https://github.com/shownotes/shownot.es/blob/master/archive/piratenpad/BM-12-07-12.txt,BM,12-07-12,,,,TRUE,,,
BM-12-10-12.txt,https://github.com/shownotes/shownot.es/blob/master/archive/piratenpad/BM-12-10-12.txt,BM,12-10-12,,,,TRUE,,,
BM-12-12-12.txt,https://github.com/shownotes/shownot.es/blob/master/archive/piratenpad/BM-12-12-12.txt,BM,12-12-12,,,,TRUE,,,
bm-13-01-13.txt,https://github.com/shownotes/shownot.es/blob/master/archive/piratenpad/bm-13-01-13.txt,BM,13-01-13,,,,TRUE,,,
BM-13-09-12.txt,https://github.com/shownotes/shownot.es/blob/master/archive/piratenpad/BM-13-09-12.txt,BM,13-09-12,,,,TRUE,,,
BM-13-11-12.txt,https://github.com/shownotes/shownot.es/blob/master/archive/piratenpad/BM-13-11-12.txt,BM,13-11-12,,,,TRUE,,,
BM-14-08-12.txt,https://github.com/shownotes/shownot.es/blob/master/archive/piratenpad/BM-14-08-12.txt,BM,14-08-12,,,,TRUE,,,
bm-15-01-13.txt,https://github.com/shownotes/shownot.es/blob/master/archive/piratenpad/bm-15-01-13.txt,BM,15-01-13,,,,TRUE,,,
BM-15-05-12.txt,https://github.com/shownotes/shownot.es/blob/master/archive/piratenpad/BM-15-05-12.txt,BM,15-05-12,,,,TRUE,,,
BM-15-11-12.txt,https://github.com/shownotes/shownot.es/blob/master/archive/piratenpad/BM-15-11-12.txt,BM,15-11-12,,,,TRUE,,,
BM-16-08-12.txt,https://github.com/shownotes/shownot.es/blob/master/archive/piratenpad/BM-16-08-12.txt,BM,16-08-12,,,,TRUE,,,
BM-17-02-13.txt,https://github.com/shownotes/shownot.es/blob/master/archive/piratenpad/BM-17-02-13.txt,BM,17-02-13,,,,TRUE,,,
BM-17-04-12.txt,https://github.com/shownotes/shownot.es/blob/master/archive/piratenpad/BM-17-04-12.txt,BM,17-04-12,,,,TRUE,,,
BM-17-07-12.txt,https://github.com/shownotes/shownot.es/blob/master/archive/piratenpad/BM-17-07-12.txt,BM,17-07-12,,,,TRUE,,,
BM-18-09-12.txt,https://github.com/shownotes/shownot.es/blob/master/archive/piratenpad/BM-18-09-12.txt,BM,18-09-12,,,,TRUE,,,
BM-18-12-12.txt,https://github.com/shownotes/shownot.es/blob/master/archive/piratenpad/BM-18-12-12.txt,BM,18-12-12,,,,TRUE,,,
BM-19-02-13.txt,https://github.com/shownotes/shownot.es/blob/master/archive/piratenpad/BM-19-02-13.txt,BM,19-02-13,,,,TRUE,,,
BM-19-03-13.txt,https://github.com/shownotes/shownot.es/blob/master/archive/piratenpad/BM-19-03-13.txt,BM,19-03-13,,,,TRUE,,,
BM-19-06-12.txt,https://github.com/shownotes/shownot.es/blob/master/archive/piratenpad/BM-19-06-12.txt,BM,19-06-12,,,,TRUE,,,
bm-19-07-12.txt,https://github.com/shownotes/shownot.es/blob/master/archive/piratenpad/bm-19-07-12.txt,BM,19-07-12,,,,TRUE,,,
BM-19-12-12.txt,https://github.com/shownotes/shownot.es/blob/master/archive/piratenpad/BM-19-12-12.txt,BM,19-12-12,,,,TRUE,,,
BM-20-03-12.txt,https://github.com/shownotes/shownot.es/blob/master/archive/piratenpad/BM-20-03-12.txt,BM,20-03-12,,,,TRUE,,,
BM-20-11-12.txt,https://github.com/shownotes/shownot.es/blob/master/archive/piratenpad/BM-20-11-12.txt,BM,20-11-12,,,,TRUE,,,
BM-21-06-12.txt,https://github.com/shownotes/shownot.es/blob/master/archive/piratenpad/BM-21-06-12.txt,BM,21-06-12,,,,TRUE,,,
BM-21-08-12.txt,https://github.com/shownotes/shownot.es/blob/master/archive/piratenpad/BM-21-08-12.txt,BM,21-08-12,,,,TRUE,,,
BM-22-05-12.txt,https://github.com/shownotes/shownot.es/blob/master/archive/piratenpad/BM-22-05-12.txt,BM,22-05-12,,,,TRUE,,,
BM-23-10-12.txt,https://github.com/shownotes/shownot.es/blob/master/archive/piratenpad/BM-23-10-12.txt,BM,23-10-12,,,,TRUE,,,
BM-24-04-12.txt,https://github.com/shownotes/shownot.es/blob/master/archive/piratenpad/BM-24-04-12.txt,BM,24-04-12,,,,TRUE,,,
bm-24-07-12.txt,https://github.com/shownotes/shownot.es/blob/master/archive/piratenpad/bm-24-07-12.txt,BM,24-07-12,,,,TRUE,,,
BM-25-09-12.txt,https://github.com/shownotes/shownot.es/blob/master/archive/piratenpad/BM-25-09-12.txt,BM,25-09-12,,,,TRUE,,,
BM-25-12-12.txt,https://github.com/shownotes/shownot.es/blob/master/archive/piratenpad/BM-25-12-12.txt,BM,25-12-12,,,,TRUE,,,
BM-26-02-13.txt,https://github.com/shownotes/shownot.es/blob/master/archive/piratenpad/BM-26-02-13.txt,BM,26-02-13,,,,TRUE,,,
BM-26-03-13.txt,https://github.com/shownotes/shownot.es/blob/master/archive/piratenpad/BM-26-03-13.txt,BM,26-03-13,,,,TRUE,,,
BM-26-06-12.txt,https://github.com/shownotes/shownot.es/blob/master/archive/piratenpad/BM-26-06-12.txt,BM,26-06-12,,,,TRUE,,,
bm-26-07-12.txt,https://github.com/shownotes/shownot.es/blob/master/archive/piratenpad/bm-26-07-12.txt,BM,26-07-12,,,,TRUE,,,
BM-26-12-12.txt,https://github.com/shownotes/shownot.es/blob/master/archive/piratenpad/BM-26-12-12.txt,BM,26-12-12,,,,TRUE,,,
BM-27-03-12.txt,https://github.com/shownotes/shownot.es/blob/master/archive/piratenpad/BM-27-03-12.txt,BM,27-03-12,,,,TRUE,,,
BM-27-04-12.txt,https://github.com/shownotes/shownot.es/blob/master/archive/piratenpad/BM-27-04-12.txt,BM,27-04-12,,,,TRUE,,,
BM-27-06-12.txt,https://github.com/shownotes/shownot.es/blob/master/archive/piratenpad/BM-27-06-12.txt,BM,27-06-12,,,,TRUE,,,
BM-27-11-12.txt,https://github.com/shownotes/shownot.es/blob/master/archive/piratenpad/BM-27-11-12.txt,BM,27-11-12,,,,TRUE,,,
BM-28-03-12.txt,https://github.com/shownotes/shownot.es/blob/master/archive/piratenpad/BM-28-03-12.txt,BM,28-03-12,,,,TRUE,,,
BM-28-08-12.txt,https://github.com/shownotes/shownot.es/blob/master/archive/piratenpad/BM-28-08-12.txt,BM,28-08-12,,,,TRUE,,,
bm-29-01-13.txt,https://github.com/shownotes/shownot.es/blob/master/archive/piratenpad/bm-29-01-13.txt,BM,29-01-13,,,,TRUE,,,
BM-29-05-12.txt,https://github.com/shownotes/shownot.es/blob/master/archive/piratenpad/BM-29-05-12.txt,BM,29-05-12,,,,TRUE,,,
bm-30-01-13.txt,https://github.com/shownotes/shownot.es/blob/master/archive/piratenpad/bm-30-01-13.txt,BM,30-01-13,,,,TRUE,,,
BM-30-08-12.txt,https://github.com/shownotes/shownot.es/blob/master/archive/piratenpad/BM-30-08-12.txt,BM,30-08-12,,,,TRUE,,,
BM-30-10-12.txt,https://github.com/shownotes/shownot.es/blob/master/archive/piratenpad/BM-30-10-12.txt,BM,30-10-12,,,,TRUE,,,
BM-31-03-13.txt,https://github.com/shownotes/shownot.es/blob/master/archive/piratenpad/BM-31-03-13.txt,BM,31-03-13,,,,TRUE,,,
bm-31-07-12.txt,https://github.com/shownotes/shownot.es/blob/master/archive/piratenpad/bm-31-07-12.txt,BM,31-07-12,,,,TRUE,,,
br-fcll042.txt,https://github.com/shownotes/shownot.es/blob/master/archive/piratenpad/br-fcll042.txt,BAC,42,,,,TRUE,,,
BS01.txt,https://github.com/shownotes/shownot.es/blob/master/archive/piratenpad/BS01.txt,BS,1,,,,TRUE,,,
cr180.txt,https://github.com/shownotes/shownot.es/blob/master/archive/piratenpad/cr180.txt,CR,180,,,,TRUE,,,
cr183.txt,https://github.com/shownotes/shownot.es/blob/master/archive/piratenpad/cr183.txt,CR,183,,,,TRUE,,,
cr184.txt,https://github.com/shownotes/shownot.es/blob/master/archive/piratenpad/cr184.txt,CR,184,,,,TRUE,,,
cr185.txt,https://github.com/shownotes/shownot.es/blob/master/archive/piratenpad/cr185.txt,CR,185,,,,TRUE,,,
cr186.txt,https://github.com/shownotes/shownot.es/blob/master/archive/piratenpad/cr186.txt,CR,186,,,,TRUE,,,
DW17.txt,https://github.com/shownotes/shownot.es/blob/master/archive/piratenpad/DW17.txt,DW,17,,,,TRUE,,,
DW18.txt,https://github.com/shownotes/shownot.es/blob/master/archive/piratenpad/DW18.txt,DW,18,,,,TRUE,,,
DW19.txt,https://github.com/shownotes/shownot.es/blob/master/archive/piratenpad/DW19.txt,DW,19,,,,TRUE,,,
dw20.txt,https://github.com/shownotes/shownot.es/blob/master/archive/piratenpad/dw20.txt,DW,20,,,,TRUE,,,
dw21.txt,https://github.com/shownotes/shownot.es/blob/master/archive/piratenpad/dw21.txt,DW,21,,,,TRUE,,,
dw22.txt,https://github.com/shownotes/shownot.es/blob/master/archive/piratenpad/dw22.txt,DW,22,,,,TRUE,,,
dw24.txt,https://github.com/shownotes/shownot.es/blob/master/archive/piratenpad/dw24.txt,DW,24,,,,TRUE,,,
dw.txt,https://github.com/shownotes/shownot.es/blob/master/archive/piratenpad/dw.txt,DW,14,,,,TRUE,,,
ep167.txt,https://github.com/shownotes/shownot.es/blob/master/archive/piratenpad/ep167.txt,EP,167,,,,TRUE,,,
ep168.txt,https://github.com/shownotes/shownot.es/blob/master/archive/piratenpad/ep168.txt,EP,168,,,,TRUE,,,
ep169.txt,https://github.com/shownotes/shownot.es/blob/master/archive/piratenpad/ep169.txt,EP,169,,,,TRUE,,,
ep176.txt,https://github.com/shownotes/shownot.es/blob/master/archive/piratenpad/ep176.txt,EP,176,,,,TRUE,,,
ep177.txt,https://github.com/shownotes/shownot.es/blob/master/archive/piratenpad/ep177.txt,EP,177,,,,TRUE,,,
ep178.txt,https://github.com/shownotes/shownot.es/blob/master/archive/piratenpad/ep178.txt,EP,178,,,,TRUE,,,
ep179.txt,https://github.com/shownotes/shownot.es/blob/master/archive/piratenpad/ep179.txt,EP,179,,,,TRUE,,,
ep181-2.txt,https://github.com/shownotes/shownot.es/blob/master/archive/piratenpad/ep181-2.txt,EP,181,,,,TRUE,,,
ep181.txt,https://github.com/shownotes/shownot.es/blob/master/archive/piratenpad/ep181.txt,PP,16,,,,TRUE,,,
ep182.txt,https://github.com/shownotes/shownot.es/blob/master/archive/piratenpad/ep182.txt,EP,182,,,,TRUE,,,
ep183.txt,https://github.com/shownotes/shownot.es/blob/master/archive/piratenpad/ep183.txt,EP,183,,,,TRUE,,,
ep184b.txt,https://github.com/shownotes/shownot.es/blob/master/archive/piratenpad/ep184b.txt,EP,184,,,,TRUE,,,
ep184.txt,https://github.com/shownotes/shownot.es/blob/master/archive/piratenpad/ep184.txt,EP,183,,,,TRUE,,,
ep185.txt,https://github.com/shownotes/shownot.es/blob/master/archive/piratenpad/ep185.txt,EP,185,,,,TRUE,,,
ep186.txt,https://github.com/shownotes/shownot.es/blob/master/archive/piratenpad/ep186.txt,EP,186,,,,TRUE,,,
EP187.txt,https://github.com/shownotes/shownot.es/blob/master/archive/piratenpad/EP187.txt,EP,187,,,,TRUE,,,
EP188.txt,https://github.com/shownotes/shownot.es/blob/master/archive/piratenpad/EP188.txt,EP,188,,,,TRUE,,,
ep189.txt,https://github.com/shownotes/shownot.es/blob/master/archive/piratenpad/ep189.txt,EP,189,,,,TRUE,,,
ep190.txt,https://github.com/shownotes/shownot.es/blob/master/archive/piratenpad/ep190.txt,EP,190,,,,TRUE,,,
ep191.txt,https://github.com/shownotes/shownot.es/blob/master/archive/piratenpad/ep191.txt,EP,191,,,,TRUE,,,
ep192.txt,https://github.com/shownotes/shownot.es/blob/master/archive/piratenpad/ep192.txt,EP,192,,,,TRUE,,,
ep193.txt,https://github.com/shownotes/shownot.es/blob/master/archive/piratenpad/ep193.txt,EP,193,,,,TRUE,,,
ep194.txt,https://github.com/shownotes/shownot.es/blob/master/archive/piratenpad/ep194.txt,EP,194,,,,TRUE,,,
ep195.txt,https://github.com/shownotes/shownot.es/blob/master/archive/piratenpad/ep195.txt,EP,195,,,,TRUE,,,
ep196.txt,https://github.com/shownotes/shownot.es/blob/master/archive/piratenpad/ep196.txt,EP,196,,,,TRUE,,,
EP197.txt,https://github.com/shownotes/shownot.es/blob/master/archive/piratenpad/EP197.txt,EP,197,,,,TRUE,,,
ep198.txt,https://github.com/shownotes/shownot.es/blob/master/archive/piratenpad/ep198.txt,EP,198,,,,TRUE,,,
ep199.txt,https://github.com/shownotes/shownot.es/blob/master/archive/piratenpad/ep199.txt,EP,199,,,,TRUE,,,
ep200.txt,https://github.com/shownotes/shownot.es/blob/master/archive/piratenpad/ep200.txt,EP,200,,,,TRUE,,,
ep201.txt,https://github.com/shownotes/shownot.es/blob/master/archive/piratenpad/ep201.txt,EP,201,,,,TRUE,,,
ep202.txt,https://github.com/shownotes/shownot.es/blob/master/archive/piratenpad/ep202.txt,EP,202,,,,TRUE,,,
ep-203.txt,https://github.com/shownotes/shownot.es/blob/master/archive/piratenpad/ep-203.txt,EP,203,,,,TRUE,,,
ep204.txt,https://github.com/shownotes/shownot.es/blob/master/archive/piratenpad/ep204.txt,EP,204,,,,TRUE,,,
ep205.txt,https://github.com/shownotes/shownot.es/blob/master/archive/piratenpad/ep205.txt,EP,205,,,,TRUE,,,
ep206.txt,https://github.com/shownotes/shownot.es/blob/master/archive/piratenpad/ep206.txt,EP,206,,,,TRUE,,,
ep207.txt,https://github.com/shownotes/shownot.es/blob/master/archive/piratenpad/ep207.txt,EP,207,,,,TRUE,,,
ep209.txt,https://github.com/shownotes/shownot.es/blob/master/archive/piratenpad/ep209.txt,EP,209,,,,TRUE,,,
ep210.txt,https://github.com/shownotes/shownot.es/blob/master/archive/piratenpad/ep210.txt,EP,210,,,,TRUE,,,
ep211.txt,https://github.com/shownotes/shownot.es/blob/master/archive/piratenpad/ep211.txt,EP,211,,,,TRUE,,,
ep212.txt,https://github.com/shownotes/shownot.es/blob/master/archive/piratenpad/ep212.txt,EP,212,,,,TRUE,,,
ep213.txt,https://github.com/shownotes/shownot.es/blob/master/archive/piratenpad/ep213.txt,EP,213,,,,TRUE,,,
ep214.txt,https://github.com/shownotes/shownot.es/blob/master/archive/piratenpad/ep214.txt,EP,214,,,,TRUE,,,
ep215.txt,https://github.com/shownotes/shownot.es/blob/master/archive/piratenpad/ep215.txt,EP,215,,,,TRUE,,,
ep216.txt,https://github.com/shownotes/shownot.es/blob/master/archive/piratenpad/ep216.txt,EP,216,,,,TRUE,,,
ep217.txt,https://github.com/shownotes/shownot.es/blob/master/archive/piratenpad/ep217.txt,EP,217,,,,TRUE,,,
ep-218.txt,https://github.com/shownotes/shownot.es/blob/master/archive/piratenpad/ep-218.txt,EP,218,,,,TRUE,,,
ep-219.txt,https://github.com/shownotes/shownot.es/blob/master/archive/piratenpad/ep-219.txt,EP,219,,,,TRUE,,,
ep-220.txt,https://github.com/shownotes/shownot.es/blob/master/archive/piratenpad/ep-220.txt,EP,220,,,,TRUE,,,
ep-222.txt,https://github.com/shownotes/shownot.es/blob/master/archive/piratenpad/ep-222.txt,EP,222,,,,TRUE,,,
ep-223.txt,https://github.com/shownotes/shownot.es/blob/master/archive/piratenpad/ep-223.txt,EP,223,,,,TRUE,,,
ep-224.txt,https://github.com/shownotes/shownot.es/blob/master/archive/piratenpad/ep-224.txt,EP,224,,,,TRUE,,,
ep225.txt,https://github.com/shownotes/shownot.es/blob/master/archive/piratenpad/ep225.txt,EP,225,,,,TRUE,,,
ep226.txt,https://github.com/shownotes/shownot.es/blob/master/archive/piratenpad/ep226.txt,EP,226,,,,TRUE,,,
ep227.txt,https://github.com/shownotes/shownot.es/blob/master/archive/piratenpad/ep227.txt,EP,227,,,,TRUE,,,
ep.txt,https://github.com/shownotes/shownot.es/blob/master/archive/piratenpad/ep.txt,ep,166,,,,TRUE,,,
FG15.txt,https://github.com/shownotes/shownot.es/blob/master/archive/piratenpad/FG15.txt,wrint,36,,,,TRUE,,,
FG18.txt,https://github.com/shownotes/shownot.es/blob/master/archive/piratenpad/FG18.txt,wrint,57,,,,TRUE,,,
FG19.txt,https://github.com/shownotes/shownot.es/blob/master/archive/piratenpad/FG19.txt,wrint,61,,,,TRUE,,,
FG20.txt,https://github.com/shownotes/shownot.es/blob/master/archive/piratenpad/FG20.txt,wrint,63,,,,TRUE,,,
FG21.txt,https://github.com/shownotes/shownot.es/blob/master/archive/piratenpad/FG21.txt,wrint,64,,,,TRUE,,,
GR13.txt,https://github.com/shownotes/shownot.es/blob/master/archive/piratenpad/GR13.txt,,,,x,,TRUE,,,
hoaxgeeks01.txt,https://github.com/shownotes/shownot.es/blob/master/archive/piratenpad/hoaxgeeks01.txt,WG,39,,,,TRUE,,,
intern03.txt,https://github.com/shownotes/shownot.es/blob/master/archive/piratenpad/intern03.txt,,,,x,x,TRUE,,,
JC007.txt,https://github.com/shownotes/shownot.es/blob/master/archive/piratenpad/JC007.txt,JC,7,,,,TRUE,,,
JC008.txt,https://github.com/shownotes/shownot.es/blob/master/archive/piratenpad/JC008.txt,JC,8,,,,TRUE,,,
JC009.txt,https://github.com/shownotes/shownot.es/blob/master/archive/piratenpad/JC009.txt,JC,9,,,,TRUE,,,
jc010.txt,https://github.com/shownotes/shownot.es/blob/master/archive/piratenpad/jc010.txt,JC,10,,,,TRUE,,,
jc012.txt,https://github.com/shownotes/shownot.es/blob/master/archive/piratenpad/jc012.txt,JC,12,,,,TRUE,,,
jc11.txt,https://github.com/shownotes/shownot.es/blob/master/archive/piratenpad/jc11.txt,JC,11,,,,TRUE,,,
jc13.txt,https://github.com/shownotes/shownot.es/blob/master/archive/piratenpad/jc13.txt,JC,13,,,,TRUE,,,
jc15.txt,https://github.com/shownotes/shownot.es/blob/master/archive/piratenpad/jc15.txt,JC,15,,,,TRUE,,,
jc16.txt,https://github.com/shownotes/shownot.es/blob/master/archive/piratenpad/jc16.txt,JC,16,,,,TRUE,,,
jc17.txt,https://github.com/shownotes/shownot.es/blob/master/archive/piratenpad/jc17.txt,JC,17,,,,TRUE,,,
jc18.txt,https://github.com/shownotes/shownot.es/blob/master/archive/piratenpad/jc18.txt,JC,18,,,,TRUE,,,
jc19.txt,https://github.com/shownotes/shownot.es/blob/master/archive/piratenpad/jc19.txt,JC,19,,,,TRUE,,,
jc20.txt,https://github.com/shownotes/shownot.es/blob/master/archive/piratenpad/jc20.txt,JC,20,,,,TRUE,,,
LC004.txt,https://github.com/shownotes/shownot.es/blob/master/archive/piratenpad/LC004.txt,LC,4,,,,TRUE,,,
LL-01-10-12.txt,https://github.com/shownotes/shownot.es/blob/master/archive/piratenpad/LL-01-10-12.txt,LL,01-10-12,,,,TRUE,,,
LL-03-09-12.txt,https://github.com/shownotes/shownot.es/blob/master/archive/piratenpad/LL-03-09-12.txt,LL,03-09-12,,,,TRUE,,,
LL-05-07-12.txt,https://github.com/shownotes/shownot.es/blob/master/archive/piratenpad/LL-05-07-12.txt,LL,05-07-12,,,,TRUE,,,
LL-11-06-12.txt,https://github.com/shownotes/shownot.es/blob/master/archive/piratenpad/LL-11-06-12.txt,LL,11-06-12,,,,TRUE,,,
LL-12-07-12.txt,https://github.com/shownotes/shownot.es/blob/master/archive/piratenpad/LL-12-07-12.txt,LL,12-07-12,,,,TRUE,,,
LL-23-04-12.txt,https://github.com/shownotes/shownot.es/blob/master/archive/piratenpad/LL-23-04-12.txt,LL,23-04-12,,,,TRUE,,,
LL-24-09-12.txt,https://github.com/shownotes/shownot.es/blob/master/archive/piratenpad/LL-24-09-12.txt,LL,24-09-12,,,,TRUE,,,
LL-27-12-12.txt,https://github.com/shownotes/shownot.es/blob/master/archive/piratenpad/LL-27-12-12.txt,LL,27-12-12,,,,TRUE,,,
mitmachen-v2.txt,https://github.com/shownotes/shownot.es/blob/master/archive/piratenpad/mitmachen-v2.txt,,,,x,,TRUE,,,
MM081.txt,https://github.com/shownotes/shownot.es/blob/master/archive/piratenpad/MM081.txt,mm,81,,,,TRUE,,,
MM084.txt,https://github.com/shownotes/shownot.es/blob/master/archive/piratenpad/MM084.txt,mm,84,,,,TRUE,,,
MM085.txt,https://github.com/shownotes/shownot.es/blob/master/archive/piratenpad/MM085.txt,mm,85,,,,TRUE,,,
MM086gekuerzt.txt,https://github.com/shownotes/shownot.es/blob/master/archive/piratenpad/MM086gekuerzt.txt,mm,86,,,,TRUE,,,
MM086.txt,https://github.com/shownotes/shownot.es/blob/master/archive/piratenpad/MM086.txt,mm,,x,,,TRUE,,,
MM087.txt,https://github.com/shownotes/shownot.es/blob/master/archive/piratenpad/MM087.txt,mm,87,,,,TRUE,,,
MM088.txt,https://github.com/shownotes/shownot.es/blob/master/archive/piratenpad/MM088.txt,mm,88,,,,TRUE,,,
MM094gekuerzt.txt,https://github.com/shownotes/shownot.es/blob/master/archive/piratenpad/MM094gekuerzt.txt,mm,94,,,,TRUE,,,
MM094.txt,https://github.com/shownotes/shownot.es/blob/master/archive/piratenpad/MM094.txt,mm,,x,,,TRUE,,,
MM096.txt,https://github.com/shownotes/shownot.es/blob/master/archive/piratenpad/MM096.txt,mm,96,,,,TRUE,,,
MM097gekuerzt.txt,https://github.com/shownotes/shownot.es/blob/master/archive/piratenpad/MM097gekuerzt.txt,mm,97,,,,TRUE,,,
MM097.txt,https://github.com/shownotes/shownot.es/blob/master/archive/piratenpad/MM097.txt,mm,,x,,,TRUE,,,
MM-098.txt,https://github.com/shownotes/shownot.es/blob/master/archive/piratenpad/MM-098.txt,mm,98,,,,TRUE,,,
MM099.txt,https://github.com/shownotes/shownot.es/blob/master/archive/piratenpad/MM099.txt,mm,99,,,,TRUE,,,
MM100.txt,https://github.com/shownotes/shownot.es/blob/master/archive/piratenpad/MM100.txt,mm,100,,,,TRUE,,,
MM101.txt,https://github.com/shownotes/shownot.es/blob/master/archive/piratenpad/MM101.txt,mm,101,,,,TRUE,,,
MM102.txt,https://github.com/shownotes/shownot.es/blob/master/archive/piratenpad/MM102.txt,mm,102,,,,TRUE,,,
MM103.txt,https://github.com/shownotes/shownot.es/blob/master/archive/piratenpad/MM103.txt,mm,103,,,,TRUE,,,
MM104.txt,https://github.com/shownotes/shownot.es/blob/master/archive/piratenpad/MM104.txt,mm,104,,,,TRUE,,,
MM105.txt,https://github.com/shownotes/shownot.es/blob/master/archive/piratenpad/MM105.txt,mm,105,,,,TRUE,,,
MM106.txt,https://github.com/shownotes/shownot.es/blob/master/archive/piratenpad/MM106.txt,mm,106,,,,TRUE,,,
MM107.txt,https://github.com/shownotes/shownot.es/blob/master/archive/piratenpad/MM107.txt,mm,107,,,,TRUE,,,
mm-20089.txt,https://github.com/shownotes/shownot.es/blob/master/archive/piratenpad/mm-20089.txt,mm,89,,,,TRUE,,,
MM90.txt,https://github.com/shownotes/shownot.es/blob/master/archive/piratenpad/MM90.txt,mm,90,,,,TRUE,,,
MM91.txt,https://github.com/shownotes/shownot.es/blob/master/archive/piratenpad/MM91.txt,mm,91,,,,TRUE,,,
MM92.txt,https://github.com/shownotes/shownot.es/blob/master/archive/piratenpad/MM92.txt,mm,92,,,,TRUE,,,
MM93.txt,https://github.com/shownotes/shownot.es/blob/master/archive/piratenpad/MM93.txt,mm,93,,,,TRUE,,,
MM95gekuerzt.txt,https://github.com/shownotes/shownot.es/blob/master/archive/piratenpad/MM95gekuerzt.txt,mm,95,,,,TRUE,,,
MM95.txt,https://github.com/shownotes/shownot.es/blob/master/archive/piratenpad/MM95.txt,mm,,x,,,TRUE,,,
MMrelive-002.txt,https://github.com/shownotes/shownot.es/blob/master/archive/piratenpad/MMrelive-002.txt,mm,2,,,,TRUE,,,
MMrelive-003.txt,https://github.com/shownotes/shownot.es/blob/master/archive/piratenpad/MMrelive-003.txt,mm,3,,,,TRUE,,,
MMrelive-004.txt,https://github.com/shownotes/shownot.es/blob/master/archive/piratenpad/MMrelive-004.txt,mm,4,,,,TRUE,,,
MMrelive-005.txt,https://github.com/shownotes/shownot.es/blob/master/archive/piratenpad/MMrelive-005.txt,mm,5,,,,TRUE,,,
MMrelive-006.txt,https://github.com/shownotes/shownot.es/blob/master/archive/piratenpad/MMrelive-006.txt,mm,6,,,,TRUE,,,
MMrelive-007.txt,https://github.com/shownotes/shownot.es/blob/master/archive/piratenpad/MMrelive-007.txt,mm,7,,,,TRUE,,,
MMrelive-008.txt,https://github.com/shownotes/shownot.es/blob/master/archive/piratenpad/MMrelive-008.txt,mm,8,,,,TRUE,,,
MMrelive-009.txt,https://github.com/shownotes/shownot.es/blob/master/archive/piratenpad/MMrelive-009.txt,mm,9,,,,TRUE,,,
MMrelive-010.txt,https://github.com/shownotes/shownot.es/blob/master/archive/piratenpad/MMrelive-010.txt,mm,10,,,,TRUE,,,
MMrelive-011.txt,https://github.com/shownotes/shownot.es/blob/master/archive/piratenpad/MMrelive-011.txt,mm,11,,,,TRUE,,,
MMrelive-012.txt,https://github.com/shownotes/shownot.es/blob/master/archive/piratenpad/MMrelive-012.txt,mm,12,,,,TRUE,,,
MM-Shownotes.txt,https://github.com/shownotes/shownot.es/blob/master/archive/piratenpad/MM-Shownotes.txt,,,,x,,TRUE,,,
mobilemacs-20089.txt,https://github.com/shownotes/shownot.es/blob/master/archive/piratenpad/mobilemacs-20089.txt,mm,89,,,,TRUE,,,
MW001.txt,https://github.com/shownotes/shownot.es/blob/master/archive/piratenpad/MW001.txt,mw,1,,,,TRUE,,,
NG67.txt,https://github.com/shownotes/shownot.es/blob/master/archive/piratenpad/NG67.txt,ng,67,,,,TRUE,,,
NG68.txt,https://github.com/shownotes/shownot.es/blob/master/archive/piratenpad/NG68.txt,ng,68,,,,TRUE,,,
NSFW048.txt,https://github.com/shownotes/shownot.es/blob/master/archive/piratenpad/NSFW048.txt,nsfw,48,,,,TRUE,,,
NSFW049.txt,https://github.com/shownotes/shownot.es/blob/master/archive/piratenpad/NSFW049.txt,nsfw,49,,,,TRUE,,,
NSFW050.txt,https://github.com/shownotes/shownot.es/blob/master/archive/piratenpad/NSFW050.txt,nsfw,50,,,,TRUE,,,
NSFW051.txt,https://github.com/shownotes/shownot.es/blob/master/archive/piratenpad/NSFW051.txt,nsfw,51,,,,TRUE,,,
NSFW052.txt,https://github.com/shownotes/shownot.es/blob/master/archive/piratenpad/NSFW052.txt,nsfw,52,,,,TRUE,,,
NSFW053.txt,https://github.com/shownotes/shownot.es/blob/master/archive/piratenpad/NSFW053.txt,nsfw,53,,,,TRUE,,,
NSFW054.txt,https://github.com/shownotes/shownot.es/blob/master/archive/piratenpad/NSFW054.txt,nsfw,54,,,,TRUE,,,
nsfw055gekuerzt.txt,https://github.com/shownotes/shownot.es/blob/master/archive/piratenpad/nsfw055gekuerzt.txt,nsfw,55,,,,TRUE,,,
NSFW055.txt,https://github.com/shownotes/shownot.es/blob/master/archive/piratenpad/NSFW055.txt,nsfw,,x,,,TRUE,,,
NSFW061-2.txt,https://github.com/shownotes/shownot.es/blob/master/archive/piratenpad/NSFW061-2.txt,nsfw,,x,,,TRUE,,,
NSFW061.txt,https://github.com/shownotes/shownot.es/blob/master/archive/piratenpad/NSFW061.txt,nsfw,61,,,,TRUE,,,
NSFW062.txt,https://github.com/shownotes/shownot.es/blob/master/archive/piratenpad/NSFW062.txt,nsfw,62,,,,TRUE,,,
NSFW063.txt,https://github.com/shownotes/shownot.es/blob/master/archive/piratenpad/NSFW063.txt,nsfw,63,,,,TRUE,,,
NSFW064.txt,https://github.com/shownotes/shownot.es/blob/master/archive/piratenpad/NSFW064.txt,nsfw,64,,,,TRUE,,,
NSFW065.txt,https://github.com/shownotes/shownot.es/blob/master/archive/piratenpad/NSFW065.txt,nsfw,65,,,,TRUE,,,
NSFW41.txt,https://github.com/shownotes/shownot.es/blob/master/archive/piratenpad/NSFW41.txt,nsfw,41,,,,TRUE,,,
NSFW44.txt,https://github.com/shownotes/shownot.es/blob/master/archive/piratenpad/NSFW44.txt,nsfw,44,,,,TRUE,,,
NSFW45.txt,https://github.com/shownotes/shownot.es/blob/master/archive/piratenpad/NSFW45.txt,nsfw,45,,,,TRUE,,,
NSFW46.txt,https://github.com/shownotes/shownot.es/blob/master/archive/piratenpad/NSFW46.txt,nsfw,46,,,,TRUE,,,
NSFW47.txt,https://github.com/shownotes/shownot.es/blob/master/archive/piratenpad/NSFW47.txt,nsfw,47,,,,TRUE,,,
NSFW56.txt,https://github.com/shownotes/shownot.es/blob/master/archive/piratenpad/NSFW56.txt,nsfw,56,,,,TRUE,,,
NSFW57.txt,https://github.com/shownotes/shownot.es/blob/master/archive/piratenpad/NSFW57.txt,nsfw,57,,,,TRUE,,,
NSFW58.txt,https://github.com/shownotes/shownot.es/blob/master/archive/piratenpad/NSFW58.txt,nsfw,58,,,,TRUE,,,
NSFW59.txt,https://github.com/shownotes/shownot.es/blob/master/archive/piratenpad/NSFW59.txt,nsfw,59,,,,TRUE,,,
NSFW60.txt,https://github.com/shownotes/shownot.es/blob/master/archive/piratenpad/NSFW60.txt,nsfw,60,,,,TRUE,,,
NSFW61-1.txt,https://github.com/shownotes/shownot.es/blob/master/archive/piratenpad/NSFW61-1.txt,nsfw,,x,,,TRUE,,,
NSFW66.txt,https://github.com/shownotes/shownot.es/blob/master/archive/piratenpad/NSFW66.txt,nsfw,66,,,,TRUE,,,
OG-Higgs.txt,https://github.com/shownotes/shownot.es/blob/master/archive/piratenpad/OG-Higgs.txt,wrint,85,,,,TRUE,,,
podcast-archiv.txt,https://github.com/shownotes/shownot.es/blob/master/archive/piratenpad/podcast-archiv.txt,,,,x,,TRUE,,,
podlove-shownotes-format.txt,https://github.com/shownotes/shownot.es/blob/master/archive/piratenpad/podlove-shownotes-format.txt,,,,x,,TRUE,,,
ponytime19.txt,https://github.com/shownotes/shownot.es/blob/master/archive/piratenpad/ponytime19.txt,PONY,19,,,,TRUE,,,
ponytime.txt,https://github.com/shownotes/shownot.es/blob/master/archive/piratenpad/ponytime.txt,PONY,18,,,,TRUE,,,
PP18.txt,https://github.com/shownotes/shownot.es/blob/master/archive/piratenpad/PP18.txt,pp,18,,,,TRUE,,,
PP-23.txt,https://github.com/shownotes/shownot.es/blob/master/archive/piratenpad/PP-23.txt,pp,23,,,,TRUE,,,
ProjektVorstellung.txt,https://github.com/shownotes/shownot.es/blob/master/archive/piratenpad/ProjektVorstellung.txt,,,,x,,TRUE,,,
pt007.txt,https://github.com/shownotes/shownot.es/blob/master/archive/piratenpad/pt007.txt,psyt,7,,,,TRUE,,,
pt008.txt,https://github.com/shownotes/shownot.es/blob/master/archive/piratenpad/pt008.txt,psyt,8,,,,TRUE,,,
pt11.txt,https://github.com/shownotes/shownot.es/blob/master/archive/piratenpad/pt11.txt,psyt,11,,,,TRUE,,,
PT-6.txt,https://github.com/shownotes/shownot.es/blob/master/archive/piratenpad/PT-6.txt,psyt,6,,,,TRUE,,,
PT-9.txt,https://github.com/shownotes/shownot.es/blob/master/archive/piratenpad/PT-9.txt,psyt,9,,,,TRUE,,,
Pub-15-03.txt,https://github.com/shownotes/shownot.es/blob/master/archive/piratenpad/Pub-15-03.txt,pp,24,,,,TRUE,,,
PW29c3.txt,https://github.com/shownotes/shownot.es/blob/master/archive/piratenpad/PW29c3.txt,,,,x,,TRUE,,,
RA01.txt,https://github.com/shownotes/shownot.es/blob/master/archive/piratenpad/RA01.txt,wrint,66,,,,TRUE,,,
RA02.txt,https://github.com/shownotes/shownot.es/blob/master/archive/piratenpad/RA02.txt,wrint,69,,,,TRUE,,,
ra08.txt,https://github.com/shownotes/shownot.es/blob/master/archive/piratenpad/ra08.txt,wrint,100,,,,TRUE,,,
ra11.txt,https://github.com/shownotes/shownot.es/blob/master/archive/piratenpad/ra11.txt,wrint,104,,,,TRUE,,,
ra12.txt,https://github.com/shownotes/shownot.es/blob/master/archive/piratenpad/ra12.txt,wrint,105,,,,TRUE,,,
ra13.txt,https://github.com/shownotes/shownot.es/blob/master/archive/piratenpad/ra13.txt,wrint,107,,,,TRUE,,,
ra14.txt,https://github.com/shownotes/shownot.es/blob/master/archive/piratenpad/ra14.txt,wrint,108,,,,TRUE,,,
ra15.txt,https://github.com/shownotes/shownot.es/blob/master/archive/piratenpad/ra15.txt,wrint,112,,,,TRUE,,,
ra17.txt,https://github.com/shownotes/shownot.es/blob/master/archive/piratenpad/ra17.txt,wrint,116,,,,TRUE,,,
ra18.txt,https://github.com/shownotes/shownot.es/blob/master/archive/piratenpad/ra18.txt,wrint,119,,,,TRUE,,,
ra19.txt,https://github.com/shownotes/shownot.es/blob/master/archive/piratenpad/ra19.txt,wrint,120,,,,TRUE,,,
ra20.txt,https://github.com/shownotes/shownot.es/blob/master/archive/piratenpad/ra20.txt,wrint,112,,,,TRUE,,,
ra21.txt,https://github.com/shownotes/shownot.es/blob/master/archive/piratenpad/ra21.txt,wrint,125,,,,TRUE,,,
ra22.txt,https://github.com/shownotes/shownot.es/blob/master/archive/piratenpad/ra22.txt,wrint,127,,,,TRUE,,,
ra23.txt,https://github.com/shownotes/shownot.es/blob/master/archive/piratenpad/ra23.txt,wrint,130,,,,TRUE,,,
ra24.txt,https://github.com/shownotes/shownot.es/blob/master/archive/piratenpad/ra24.txt,wrint,132,,,,TRUE,,,
ra25.txt,https://github.com/shownotes/shownot.es/blob/master/archive/piratenpad/ra25.txt,wrint,135,,,,TRUE,,,
ra26.txt,https://github.com/shownotes/shownot.es/blob/master/archive/piratenpad/ra26.txt,wrint,138,,,,TRUE,,,
ra27.txt,https://github.com/shownotes/shownot.es/blob/master/archive/piratenpad/ra27.txt,wrint,140,,,,TRUE,,,
ra28.txt,https://github.com/shownotes/shownot.es/blob/master/archive/piratenpad/ra28.txt,wrint,143,,,,TRUE,,,
ra29.txt,https://github.com/shownotes/shownot.es/blob/master/archive/piratenpad/ra29.txt,wrint,146,,,,TRUE,,,
ra30.txt,https://github.com/shownotes/shownot.es/blob/master/archive/piratenpad/ra30.txt,wrint,148,,,,TRUE,,,
RA31.txt,https://github.com/shownotes/shownot.es/blob/master/archive/piratenpad/RA31.txt,wrint,151,,,,TRUE,,,
RA32.txt,https://github.com/shownotes/shownot.es/blob/master/archive/piratenpad/RA32.txt,wrint,153,,,,TRUE,,,
RA33.txt,https://github.com/shownotes/shownot.es/blob/master/archive/piratenpad/RA33.txt,wrint,155,,,,TRUE,,,
RA34.txt,https://github.com/shownotes/shownot.es/blob/master/archive/piratenpad/RA34.txt,wrint,159,,,,TRUE,,,
RA35.txt,https://github.com/shownotes/shownot.es/blob/master/archive/piratenpad/RA35.txt,wrint,163,,,,TRUE,,,
RA3.txt,https://github.com/shownotes/shownot.es/blob/master/archive/piratenpad/RA3.txt,wrint,71,,,,TRUE,,,
republicabrainstormplanung.txt,https://github.com/shownotes/shownot.es/blob/master/archive/piratenpad/republicabrainstormplanung.txt,,,,x,,TRUE,,,
SCSP046.txt,https://github.com/shownotes/shownot.es/blob/master/archive/piratenpad/SCSP046.txt,scsp,46,,,,TRUE,,,
SCSP047.txt,https://github.com/shownotes/shownot.es/blob/master/archive/piratenpad/SCSP047.txt,scsp,47,,,,TRUE,,,
SCSP048.txt,https://github.com/shownotes/shownot.es/blob/master/archive/piratenpad/SCSP048.txt,scsp,48,,,,TRUE,,,
sk10.txt,https://github.com/shownotes/shownot.es/blob/master/archive/piratenpad/sk10.txt,rm,10,,,,TRUE,,,
Template.txt,https://github.com/shownotes/shownot.es/blob/master/archive/piratenpad/Template.txt,,,,x,,TRUE,,,
wg039.txt,https://github.com/shownotes/shownot.es/blob/master/archive/piratenpad/wg039.txt,wg,39,,,,TRUE,,,
wg040.txt,https://github.com/shownotes/shownot.es/blob/master/archive/piratenpad/wg040.txt,wg,40,,,,TRUE,,,
wg041.txt,https://github.com/shownotes/shownot.es/blob/master/archive/piratenpad/wg041.txt,wg,41,,,,TRUE,,,
WMR036.txt,https://github.com/shownotes/shownot.es/blob/master/archive/piratenpad/WMR036.txt,wmr,36,,,,TRUE,,,
WMR48.txt,https://github.com/shownotes/shownot.es/blob/master/archive/piratenpad/WMR48.txt,wmr,48,,,,TRUE,,,
wmr49.txt,https://github.com/shownotes/shownot.es/blob/master/archive/piratenpad/wmr49.txt,wmr,49,,,,TRUE,,,
WMR63.txt,https://github.com/shownotes/shownot.es/blob/master/archive/piratenpad/WMR63.txt,wmr,63,,,,TRUE,,,
wr057.txt,https://github.com/shownotes/shownot.es/blob/master/archive/piratenpad/wr057.txt,wrint,57,,,,TRUE,,,
wr064.txt,https://github.com/shownotes/shownot.es/blob/master/archive/piratenpad/wr064.txt,wrint,64,,,,TRUE,,,
wr069.txt,https://github.com/shownotes/shownot.es/blob/master/archive/piratenpad/wr069.txt,wrint,69,,,,TRUE,,,
wr075.txt,https://github.com/shownotes/shownot.es/blob/master/archive/piratenpad/wr075.txt,wrint,75,,,,TRUE,,,
wr080.txt,https://github.com/shownotes/shownot.es/blob/master/archive/piratenpad/wr080.txt,wrint,80,,,,TRUE,,,
wr081.txt,https://github.com/shownotes/shownot.es/blob/master/archive/piratenpad/wr081.txt,wrint,81,,,,TRUE,,,
wr118.txt,https://github.com/shownotes/shownot.es/blob/master/archive/piratenpad/wr118.txt,wrint,118,,,,TRUE,,,
WR133.txt,https://github.com/shownotes/shownot.es/blob/master/archive/piratenpad/WR133.txt,wrint,133,,,,TRUE,,,
WR91.txt,https://github.com/shownotes/shownot.es/blob/master/archive/piratenpad/WR91.txt,wrint,91,,,,TRUE,,,
wrint-104.txt,https://github.com/shownotes/shownot.es/blob/master/archive/piratenpad/wrint-104.txt,wrint,104,,,,TRUE,,,
wrint-105.txt,https://github.com/shownotes/shownot.es/blob/master/archive/piratenpad/wrint-105.txt,wrint,105,,,,TRUE,,,
wrint-106.txt,https://github.com/shownotes/shownot.es/blob/master/archive/piratenpad/wrint-106.txt,wrint,106,,,,TRUE,,,
wrint13.txt,https://github.com/shownotes/shownot.es/blob/master/archive/piratenpad/wrint13.txt,wrint,13,,,,TRUE,,,
wrint16.txt,https://github.com/shownotes/shownot.es/blob/master/archive/piratenpad/wrint16.txt,wrint,16,,,,TRUE,,,
wrint-20103.txt,https://github.com/shownotes/shownot.es/blob/master/archive/piratenpad/wrint-20103.txt,wrint,103,,,,TRUE,,,
wrint23.txt,https://github.com/shownotes/shownot.es/blob/master/archive/piratenpad/wrint23.txt,wrint,23,,,,TRUE,,,
wrint28.txt,https://github.com/shownotes/shownot.es/blob/master/archive/piratenpad/wrint28.txt,wrint,28,,,,TRUE,,,
wrint29.txt,https://github.com/shownotes/shownot.es/blob/master/archive/piratenpad/wrint29.txt,wrint,29,,,,TRUE,,,
wrint30.txt,https://github.com/shownotes/shownot.es/blob/master/archive/piratenpad/wrint30.txt,wrint,30,,,,TRUE,,,
wrint31.txt,https://github.com/shownotes/shownot.es/blob/master/archive/piratenpad/wrint31.txt,wrint,31,,,,TRUE,,,
wrint32.txt,https://github.com/shownotes/shownot.es/blob/master/archive/piratenpad/wrint32.txt,wrint,32,,,,TRUE,,,
wrint33.txt,https://github.com/shownotes/shownot.es/blob/master/archive/piratenpad/wrint33.txt,wrint,33,,,,TRUE,,,
wrint34.txt,https://github.com/shownotes/shownot.es/blob/master/archive/piratenpad/wrint34.txt,wrint,34,,,,TRUE,,,
wrint36.txt,https://github.com/shownotes/shownot.es/blob/master/archive/piratenpad/wrint36.txt,wrint,36,,,,TRUE,,,
wrinteuropa.txt,https://github.com/shownotes/shownot.es/blob/master/archive/piratenpad/wrinteuropa.txt,wrint,162,,,,TRUE,,,
Wrintheit10.txt,https://github.com/shownotes/shownot.es/blob/master/archive/piratenpad/Wrintheit10.txt,wrint,34,,,,TRUE,,,
Wrintheit11.txt,https://github.com/shownotes/shownot.es/blob/master/archive/piratenpad/Wrintheit11.txt,wrint,38,,,,TRUE,,,
Wrintheit12.txt,https://github.com/shownotes/shownot.es/blob/master/archive/piratenpad/Wrintheit12.txt,wrint,41,,,,TRUE,,,
wrintheit14.txt,https://github.com/shownotes/shownot.es/blob/master/archive/piratenpad/wrintheit14.txt,wrint,49,,,,TRUE,,,
wrintheit15.txt,https://github.com/shownotes/shownot.es/blob/master/archive/piratenpad/wrintheit15.txt,wrint,53,,,,TRUE,,,
Wrintheit16.txt,https://github.com/shownotes/shownot.es/blob/master/archive/piratenpad/Wrintheit16.txt,wrint,56,,,,TRUE,,,
Wrintheit17.txt,https://github.com/shownotes/shownot.es/blob/master/archive/piratenpad/Wrintheit17.txt,wrint,68,,,,TRUE,,,
wrintheit20.txt,https://github.com/shownotes/shownot.es/blob/master/archive/piratenpad/wrintheit20.txt,wrint,83,,,,TRUE,,,
wrintheit21.txt,https://github.com/shownotes/shownot.es/blob/master/archive/piratenpad/wrintheit21.txt,wrint,92,,,,TRUE,,,
wrintheit22.txt,https://github.com/shownotes/shownot.es/blob/master/archive/piratenpad/wrintheit22.txt,wrint,95,,,,TRUE,,,
Wrintheit35.txt,https://github.com/shownotes/shownot.es/blob/master/archive/piratenpad/Wrintheit35.txt,wrint,161,,,,TRUE,,,
Wrintheit9.txt,https://github.com/shownotes/shownot.es/blob/master/archive/piratenpad/Wrintheit9.txt,wrint,33,,,,TRUE,,,
Wrintheit-XIX.txt,https://github.com/shownotes/shownot.es/blob/master/archive/piratenpad/Wrintheit-XIX.txt,wrint,61,,,,TRUE,,,
Wrintheit-XVIII.txt,https://github.com/shownotes/shownot.es/blob/master/archive/piratenpad/Wrintheit-XVIII.txt,wrint,57,,,,TRUE,,,
Wrintheit-XVII.txt,https://github.com/shownotes/shownot.es/blob/master/archive/piratenpad/Wrintheit-XVII.txt,wrint,68,,,,TRUE,,,